,ds,open_price,high_price,low_price,y,volume,foreign,investment,dealer,ratio_over_400_shares,shareholders_400_to_600,shareholders_600_to_800,shareholders_800_to_1000,ratio_over_1000_shares
0,2022-11-01,101.5,102.0,100.5,101.5,52125801.0,-12088176,-3871000,575316,72.8,306,175,100,70.21
1,2022-11-02,101.5,102.0,101.0,102.0,35124774.0,173655,-190000,-567496,72.8,306,175,100,70.21
2,2022-11-03,101.0,101.5,100.5,101.0,42249526.0,-9339359,-1240000,-224761,72.8,306,175,100,70.21
3,2022-11-04,100.0,101.0,99.5,100.5,49148814.0,-21959091,-1772000,-332429,72.8,306,175,100,70.21
4,2022-11-07,100.5,101.0,99.8,100.0,40826295.0,-14057099,-1140000,154953,72.36,300,174,102,69.78
5,2022-11-08,100.0,100.5,100.0,100.0,30439852.0,-11129857,-1019000,-123645,72.36,300,174,102,69.78
6,2022-11-09,100.0,102.5,100.0,102.5,42446062.0,3003136,229894,-155979,72.36,300,174,102,69.78
7,2022-11-10,101.0,101.5,100.5,100.5,39874839.0,-20093526,-982000,-319070,72.36,300,174,102,69.78
8,2022-11-11,101.5,102.5,100.0,100.0,90276048.0,-41949426,-4213000,-1461770,72.36,300,174,102,69.78
9,2022-11-14,99.5,101.5,99.5,101.5,67217227.0,-3307315,-523000,-779000,71.94,311,163,99,69.4
10,2022-11-15,101.5,102.5,101.0,101.5,47027211.0,8014140,-4656012,-2522001,71.94,311,163,99,69.4
11,2022-11-16,101.5,102.5,101.0,101.5,46862982.0,-672083,-798000,-3080514,71.94,311,163,99,69.4
12,2022-11-17,101.5,102.0,101.0,101.5,26583078.0,-6079284,-1032000,-84485,71.94,311,163,99,69.4
13,2022-11-18,101.5,102.5,100.5,100.5,45343250.0,-10559211,-3892000,-323684,71.94,311,163,99,69.4
14,2022-11-21,101.0,101.5,100.0,100.0,30472000.0,-8674283,-283000,45000,71.56,295,174,97,69.03
15,2022-11-22,100.0,100.5,100.0,100.5,28582534.0,-8770504,55000,45602,71.56,295,174,97,69.03
16,2022-11-23,101.0,101.5,100.5,100.5,32079101.0,-9217696,686000,201053,71.56,295,174,97,69.03
17,2022-11-24,100.5,101.0,100.0,101.0,42611350.0,-609812,-9541000,95198,71.56,295,174,97,69.03
18,2022-11-25,100.5,101.0,100.0,100.5,35032161.0,-10470933,-424000,54979,71.56,295,174,97,69.03
19,2022-11-28,100.5,100.5,99.6,100.0,47154746.0,-16832013,-191951,-1549491,71.45,298,171,96,68.94
20,2022-11-29,100.0,100.5,99.7,100.0,34334057.0,-3857910,-1958000,229300,71.45,298,171,96,68.94
21,2022-11-30,100.5,101.5,100.0,100.5,89148734.0,-6182263,-1955328,-1381000,71.45,298,171,96,68.94
22,2022-12-01,101.5,103.0,101.5,103.0,68347930.0,14249805,-92000,-556797,71.45,298,171,96,68.94
23,2022-12-02,103.0,106.0,103.0,105.5,77966393.0,16711850,-44124,-998870,71.45,298,171,96,68.94
24,2022-12-05,106.5,107.0,105.5,105.5,46083936.0,-4218613,-491000,-75000,71.3,296,158,100,68.84
25,2022-12-06,104.0,104.5,102.5,103.0,55270666.0,-17952661,-170000,-166000,71.3,296,158,100,68.84
26,2022-12-07,102.5,104.0,102.0,102.0,44811782.0,-5157155,-1360000,58000,71.3,296,158,100,68.84
27,2022-12-08,102.0,102.5,101.5,101.5,31027361.0,-10219252,-332000,-216193,71.3,296,158,100,68.84
28,2022-12-09,102.5,103.0,102.0,102.0,33294761.0,-3099860,0,-14070,71.3,296,158,100,68.84
29,2022-12-12,102.0,102.0,101.0,102.0,19498779.0,-3690596,-42000,43436,71.18,299,164,93,68.72
30,2022-12-13,102.0,102.5,101.0,101.0,34807666.0,-18814084,-111708,-132000,71.18,299,164,93,68.72
31,2022-12-14,101.5,102.5,101.0,102.5,24772267.0,3936540,200960,579000,71.18,299,164,93,68.72
32,2022-12-15,101.5,102.5,101.5,101.5,27539463.0,-6306944,-12000,-262998,71.18,299,164,93,68.72
33,2022-12-16,100.5,101.5,100.0,100.5,72581761.0,-30660565,6745826,-465990,71.18,299,164,93,68.72
34,2022-12-19,100.5,102.0,100.5,101.5,29579834.0,-7932822,6598000,-365791,70.93,295,162,96,68.48
35,2022-12-20,101.0,101.5,100.0,100.0,45367320.0,-22382528,5486000,-165000,70.93,295,162,96,68.48
36,2022-12-21,101.0,101.0,100.0,100.0,28064923.0,-12423995,6730000,-1593000,70.93,295,162,96,68.48
37,2022-12-22,101.0,101.0,100.5,101.0,21298650.0,-4859422,6926000,-177000,70.93,295,162,96,68.48
38,2022-12-23,100.0,101.0,100.0,101.0,15490469.0,403494,134000,-494332,70.93,295,162,96,68.48
39,2022-12-26,101.5,101.5,100.5,101.0,8798497.0,-483770,807000,-107000,70.8,292,162,100,68.32
40,2022-12-27,101.0,101.5,100.5,100.5,8915931.0,280723,-568000,-101998,70.8,292,162,100,68.32
41,2022-12-28,100.5,100.5,100.0,100.5,23260583.0,-7266819,951000,-446987,70.8,292,162,100,68.32
42,2022-12-29,100.0,100.0,99.5,99.7,38383359.0,-19473321,190000,87067,70.8,292,162,100,68.32
43,2022-12-30,100.0,100.5,99.8,99.9,18189761.0,-182650,-772000,-112000,70.8,292,162,100,68.32
44,2023-01-03,99.9,99.9,98.0,99.1,47341828.0,-9116949,-70000,-453128,70.52,290,162,94,68.09
45,2023-01-04,98.0,98.7,98.0,98.1,42812802.0,-17716296,245000,493681,70.52,290,162,94,68.09
46,2023-01-05,98.1,98.9,98.0,98.0,37046103.0,-10019598,15000,130000,70.52,290,162,94,68.09
47,2023-01-06,98.3,98.8,98.3,98.4,20649438.0,-7527048,99000,620000,70.52,290,162,94,68.09
48,2023-01-09,99.2,99.6,98.9,99.1,34166209.0,-4803231,-450000,147000,70.39,286,164,98,67.95
49,2023-01-10,99.4,99.8,99.1,99.4,21706054.0,-1686373,429198,212542,70.39,286,164,98,67.95
50,2023-01-11,99.8,99.8,99.1,99.1,22096447.0,-2529384,-116000,354999,70.39,286,164,98,67.95
51,2023-01-12,99.1,99.5,98.6,98.6,22014869.0,-4416798,2000,12073,70.39,286,164,98,67.95
52,2023-01-13,99.0,99.5,98.6,98.6,18652790.0,-895971,19000,-3000,70.39,286,164,98,67.95
53,2023-01-16,98.6,99.2,98.1,98.1,32736172.0,-15237844,-626500,54111,70.2,281,164,100,67.76
54,2023-01-17,98.2,98.5,98.1,98.1,28810658.0,-5701918,-3530000,-248758,70.2,281,164,100,67.76
55,2023-01-30,99.6,99.7,98.0,98.1,88808349.0,-38423300,-220191,379059,69.9,294,154,104,67.43
56,2023-01-31,98.3,101.0,98.2,99.7,82451939.0,3586647,1022000,1183783,69.9,294,154,104,67.43
57,2023-02-01,100.5,101.0,99.8,100.0,40082663.0,-10980024,50500,396194,69.9,294,154,104,67.43
58,2023-02-02,100.5,101.0,100.0,100.0,51715604.0,-24819467,-165181,14014,69.9,294,154,104,67.43
59,2023-02-03,100.0,100.5,99.5,99.6,43915390.0,-17706847,-1107972,263388,69.9,294,154,104,67.43
60,2023-02-06,100.5,102.0,100.5,101.5,50479656.0,9759068,133000,199988,69.83,303,153,104,67.34
61,2023-02-07,102.0,102.0,100.5,100.5,31412710.0,-11503662,7000,107000,69.83,303,153,104,67.34
62,2023-02-08,100.5,101.0,100.5,100.5,25572350.0,-3737200,-308000,-152000,69.83,303,153,104,67.34
63,2023-02-09,100.5,101.5,100.0,101.0,29347314.0,5816586,-9000,509682,69.83,303,153,104,67.34
64,2023-02-10,101.5,102.0,100.5,101.5,25620289.0,5841117,98000,-10000,69.83,303,153,104,67.34
65,2023-02-13,101.5,102.0,101.0,101.0,18497222.0,-1986506,-397000,-198000,70.04,299,155,104,67.54
66,2023-02-14,101.5,102.0,101.5,102.0,18440692.0,7425580,100000,-32000,70.04,299,155,104,67.54
67,2023-02-15,102.0,102.5,101.5,102.5,38436177.0,7943158,-432000,-141000,70.04,299,155,104,67.54
68,2023-02-16,103.0,103.5,102.5,103.5,39872101.0,5867213,28000,429000,70.04,299,155,104,67.54
69,2023-02-17,103.0,103.5,102.5,103.5,28987254.0,2837361,-127441,18000,70.04,299,155,104,67.54
70,2023-02-20,103.5,104.0,102.5,103.0,22229942.0,-6366275,-1088000,-170000,70.06,294,160,104,67.55
71,2023-02-21,102.5,103.0,102.5,102.5,13906642.0,1826608,31000,-217000,70.06,294,160,104,67.55
72,2023-02-22,102.0,102.5,101.5,102.0,26465654.0,958806,42000,-630199,70.06,294,160,104,67.55
73,2023-02-23,102.0,103.0,102.0,103.0,20893415.0,6219794,16000,106000,70.06,294,160,104,67.55
74,2023-02-24,103.0,103.5,101.0,101.0,54293618.0,-18117714,-51425,64000,70.06,294,160,104,67.55
75,2023-03-01,100.0,103.0,100.0,102.0,48149835.0,3417837,128000,-541000,70.02,294,150,103,67.57
76,2023-03-02,102.5,103.0,101.5,102.5,27936296.0,4504266,-87409,-126000,70.02,294,150,103,67.57
77,2023-03-03,103.5,104.0,102.5,102.5,29276021.0,890346,629000,191000,70.02,294,150,103,67.57
78,2023-03-06,103.0,104.0,102.5,103.5,38599819.0,18145485,719000,1140102,70.18,295,154,104,67.7
79,2023-03-07,103.5,106.0,103.5,105.0,72773055.0,14799924,903000,1722298,70.18,295,154,104,67.7
80,2023-03-08,104.5,105.0,104.0,104.0,31871831.0,-4902910,120000,588982,70.18,295,154,104,67.7
81,2023-03-09,104.0,104.5,102.0,102.5,62246571.0,-26404928,11000,670000,70.18,295,154,104,67.7
82,2023-03-10,102.0,102.5,101.5,102.0,28023340.0,-3797088,252000,-295000,70.18,295,154,104,67.7
83,2023-03-13,102.0,103.5,101.5,103.0,23735276.0,5011546,26608,-21382,70.18,296,157,101,67.7
84,2023-03-14,102.0,102.5,101.5,102.0,32014406.0,-2729775,52000,50094,70.18,296,157,101,67.7
85,2023-03-15,102.5,103.0,102.0,102.5,21152568.0,712893,47000,-970000,70.18,296,157,101,67.7
86,2023-03-16,102.5,103.0,102.0,102.0,27823368.0,-871444,67000,-57089,70.18,296,157,101,67.7
87,2023-03-17,103.0,104.5,102.5,103.5,62542797.0,6182934,-427215,254000,70.18,296,157,101,67.7
88,2023-03-20,103.5,104.0,102.5,102.5,21491112.0,-9337851,23000,100722,70.33,291,163,105,67.81
89,2023-03-21,103.0,104.0,103.0,103.5,21169729.0,7641889,46000,-339000,70.33,291,163,105,67.81
90,2023-03-22,103.5,104.5,103.0,103.5,22619832.0,366608,-63916,306008,70.33,291,163,105,67.81
91,2023-03-23,103.0,104.5,103.0,103.5,32467261.0,1411662,411778,486519,70.33,291,163,105,67.81
92,2023-03-24,104.5,106.0,104.0,105.5,70639353.0,13183589,-731517,224000,70.33,291,163,105,67.81
93,2023-03-27,105.0,105.5,103.5,103.5,33360546.0,-7560975,-2033000,188000,70.32,288,160,102,67.85
94,2023-03-28,104.0,104.0,103.0,103.0,24536833.0,-5234227,-119024,-48000,70.32,288,160,102,67.85
95,2023-03-29,103.0,104.0,103.0,103.5,21518974.0,244190,-374091,141693,70.32,288,160,102,67.85
96,2023-03-30,104.0,104.5,103.5,104.5,23644023.0,3619042,-54919,162489,70.32,288,160,102,67.85
97,2023-03-31,104.5,105.0,104.0,104.0,18383489.0,-431590,-101000,14996,70.32,288,160,102,67.85
98,2023-04-06,104.5,105.5,103.0,103.5,39285783.0,-11418040,-26000,152000,70.23,289,164,101,67.74
99,2023-04-07,104.0,104.0,103.0,103.0,11913773.0,-3277427,60000,7000,70.23,289,164,101,67.74
100,2023-04-10,103.0,104.0,103.0,103.0,12576290.0,-2805216,-43756,89001,70.08,295,165,97,67.59
101,2023-04-11,103.5,104.0,103.0,103.5,29392861.0,-6858412,-562000,613888,70.08,295,165,97,67.59
102,2023-04-12,103.5,103.5,102.5,102.5,20658342.0,-6863224,-468224,195000,70.08,295,165,97,67.59
103,2023-04-13,102.5,103.5,102.5,103.0,23559745.0,-273370,-2000,-1004,70.08,295,165,97,67.59
104,2023-04-14,104.0,104.5,103.0,104.5,25764557.0,9765767,-282000,175970,70.08,295,165,97,67.59
105,2023-04-17,104.5,104.5,103.5,104.0,15419355.0,-1572759,16000,103000,70.23,297,166,97,67.73
106,2023-04-18,104.0,104.5,103.5,104.5,16151848.0,2093803,-54000,-127000,70.23,297,166,97,67.73
107,2023-04-19,104.5,104.5,103.5,104.0,18893968.0,-5438039,-355074,405000,70.23,297,166,97,67.73
108,2023-04-20,103.5,104.5,103.5,104.5,19945258.0,9255286,-38333,413000,70.23,297,166,97,67.73
109,2023-04-21,105.0,105.5,104.0,104.0,33085440.0,6026025,665385,46006,70.23,297,166,97,67.73
110,2023-04-24,104.0,104.5,103.5,103.5,18482135.0,-7027186,664000,-25000,70.28,299,167,95,67.79
111,2023-04-25,103.5,104.0,103.0,103.0,29981837.0,-3248378,258000,295000,70.28,299,167,95,67.79
112,2023-04-26,103.0,104.5,103.0,103.5,34093936.0,2719830,169000,1738973,70.28,299,167,95,67.79
113,2023-04-27,103.5,104.0,103.0,103.5,16743295.0,-2228194,480000,-162000,70.28,299,167,95,67.79
114,2023-04-28,104.0,104.5,103.5,104.5,19643921.0,6247230,78000,389000,70.28,299,167,95,67.79
115,2023-05-02,104.5,106.0,104.0,106.0,50296436.0,23768995,208000,414979,70.5,286,167,96,68.04
116,2023-05-03,105.5,106.0,105.0,105.5,27017028.0,7556283,-361000,-54000,70.5,286,167,96,68.04
117,2023-05-04,105.5,105.5,105.0,105.0,12816496.0,-1955646,24713,127000,70.5,286,167,96,68.04
118,2023-05-05,105.0,105.5,104.5,105.0,12635718.0,500412,67713,549995,70.5,286,167,96,68.04
119,2023-05-08,105.5,106.0,105.0,105.0,10633215.0,39756,236818,194000,70.7,285,160,99,68.26
120,2023-05-09,105.0,107.0,104.5,106.5,40822363.0,10618907,31000,430954,70.7,285,160,99,68.26
121,2023-05-10,106.5,107.0,106.0,106.5,17540555.0,4992243,24718,-255000,70.7,285,160,99,68.26
122,2023-05-11,106.5,107.0,105.0,105.0,21870548.0,1312815,155000,-60000,70.7,285,160,99,68.26
123,2023-05-12,103.5,104.0,102.0,102.5,72076682.0,-30023758,-140378,-460302,70.7,285,160,99,68.26
124,2023-05-15,102.5,103.0,102.0,102.0,28337659.0,-14563989,-183214,177911,70.35,283,162,95,67.94
125,2023-05-16,102.5,103.0,102.0,102.0,42174115.0,-19124163,-165285,3251000,70.35,283,162,95,67.94
126,2023-05-17,102.0,103.0,102.0,102.5,38916253.0,-6497758,134000,6067998,70.35,283,162,95,67.94
127,2023-05-18,103.0,103.5,102.5,103.0,27750265.0,616360,8000,2453643,70.35,283,162,95,67.94
128,2023-05-19,103.0,103.0,102.0,103.0,33713208.0,-6952159,-369000,586000,70.35,283,162,95,67.94
129,2023-05-22,102.5,103.0,102.5,103.0,18170383.0,-1047570,-11000,-128000,70.22,281,156,96,67.82
130,2023-05-23,103.0,103.0,102.5,102.5,22258821.0,-6074788,-156000,157000,70.22,281,156,96,67.82
131,2023-05-24,102.5,103.0,102.5,103.0,16034234.0,-3142023,107000,940000,70.22,281,156,96,67.82
132,2023-05-25,102.5,103.5,102.5,102.5,26400866.0,-9315942,-578000,-93300,70.22,281,156,96,67.82
133,2023-05-26,102.5,103.0,102.0,102.5,36602590.0,-9405785,-1042000,-196000,70.22,281,156,96,67.82
134,2023-05-29,103.5,106.0,103.0,105.5,79007460.0,9746458,-843000,1665956,70.61,287,160,93,68.19
135,2023-05-30,106.5,108.0,106.0,107.0,88779354.0,26776463,-181000,751000,70.61,287,160,93,68.19
136,2023-05-31,107.5,107.5,105.5,106.5,59443196.0,5575192,-2860,894272,70.61,287,160,93,68.19
137,2023-06-01,106.5,108.0,106.0,108.0,46558650.0,11129182,162000,-227901,70.61,287,160,93,68.19
138,2023-06-02,108.5,109.0,107.5,108.0,53924446.0,3367905,-525925,379152,70.61,287,160,93,68.19
139,2023-06-05,108.5,108.5,107.0,107.5,24624081.0,-1583599,-2087277,266982,70.66,288,157,96,68.24
140,2023-06-06,107.0,107.5,106.0,107.0,36383280.0,3548453,-650252,345457,70.66,288,157,96,68.24
141,2023-06-07,107.5,108.0,107.0,108.0,22459238.0,1432886,-240068,667000,70.66,288,157,96,68.24
142,2023-06-08,108.0,108.0,107.0,107.0,17392265.0,-5855909,-370946,301287,70.66,288,157,96,68.24
143,2023-06-09,107.5,108.0,107.0,108.0,16744580.0,1569175,-488000,493000,70.66,288,157,96,68.24
144,2023-06-12,108.0,112.0,107.5,110.5,98652902.0,16257356,24000,3144557,71.02,287,150,95,68.65
145,2023-06-13,111.0,113.0,111.0,112.5,70173913.0,8325243,-558000,2985701,71.02,287,150,95,68.65
146,2023-06-14,112.5,113.0,111.5,112.5,36488322.0,3005775,-829000,203000,71.02,287,150,95,68.65
147,2023-06-15,112.5,113.0,111.0,111.5,35696946.0,-2050007,-723890,-28500,71.02,287,150,95,68.65
148,2023-06-16,111.5,112.5,111.0,111.0,47565732.0,-2138980,46156,577404,71.02,287,150,95,68.65
149,2023-06-19,111.5,113.0,111.0,112.5,25243032.0,3206999,2136847,660000,71.11,295,150,90,68.75
150,2023-06-20,113.0,113.5,111.5,112.5,30784850.0,-3040996,1787000,-505435,71.11,295,150,90,68.75
151,2023-06-21,112.5,113.0,112.0,113.0,34892673.0,-1073945,1749646,1045000,71.11,295,150,90,68.75
152,2023-06-26,113.5,116.0,113.0,115.5,100474885.0,7484623,2889000,5437734,71.13,295,147,93,68.75
153,2023-06-27,116.0,116.5,114.0,114.0,67357566.0,-7140443,764988,2571200,71.13,295,147,93,68.75
154,2023-06-28,114.5,116.0,114.5,115.0,45726557.0,-139988,207617,1119196,71.13,295,147,93,68.75
155,2023-06-29,116.0,116.0,113.0,113.0,39965191.0,-11817332,-9854,6164,71.13,295,147,93,68.75
156,2023-06-30,113.0,113.0,111.0,113.0,48499554.0,-353019,1718000,1694998,71.13,295,147,93,68.75
157,2023-07-03,114.0,115.0,113.5,115.0,88011450.0,6627205,8000,10818000,70.69,302,146,90,68.31
158,2023-07-04,112.0,112.5,109.5,110.0,88850920.0,1645601,-2129000,-6246258,70.69,302,146,90,68.31
159,2023-07-05,110.0,110.5,107.5,108.5,51570862.0,-7473246,-282000,-2148975,70.69,302,146,90,68.31
160,2023-07-06,107.5,107.5,105.0,105.5,70071473.0,-17787067,-459000,-1647686,70.69,302,146,90,68.31
161,2023-07-07,105.0,106.0,104.5,105.5,30868905.0,3085995,-299742,-780452,70.69,302,146,90,68.31
162,2023-07-10,105.5,106.0,104.5,104.5,25044324.0,-9536831,-265000,-768761,70.64,310,151,90,68.21
163,2023-07-11,105.0,105.5,104.5,105.0,23862651.0,2267032,-465110,-319229,70.64,310,151,90,68.21
164,2023-07-12,105.0,107.5,105.0,107.5,37780699.0,1266814,382988,-1742150,70.64,310,151,90,68.21
165,2023-07-13,108.5,109.0,107.0,107.0,30341999.0,-1854389,-253448,-1707223,70.64,310,151,90,68.21
166,2023-07-14,107.5,109.5,106.5,109.5,43454213.0,10940980,97552,22022,70.64,310,151,90,68.21
167,2023-07-17,110.0,111.0,109.5,110.5,41502082.0,7288932,-525956,-1299549,70.78,306,148,100,68.31
168,2023-07-18,110.5,113.5,110.0,112.0,52688441.0,9295369,-1085533,-417780,70.78,306,148,100,68.31
169,2023-07-19,113.0,113.5,108.0,108.5,54967023.0,-6785969,-356759,-3259934,70.78,306,148,100,68.31
170,2023-07-20,109.0,110.0,107.5,108.0,33167955.0,1057899,-344000,1062875,70.78,306,148,100,68.31
171,2023-07-21,107.0,108.5,106.5,107.5,25278976.0,-1411179,-194000,-420076,70.78,306,148,100,68.31
172,2023-07-24,108.0,108.5,107.0,108.0,19896359.0,1016056,-359235,-780002,70.95,300,150,104,68.47
173,2023-07-25,108.5,112.0,108.5,112.0,61862737.0,14493707,437000,165846,70.95,300,150,104,68.47
174,2023-07-26,112.0,112.5,111.0,111.5,30223635.0,5671815,-512138,-868816,70.95,300,150,104,68.47
175,2023-07-27,112.0,113.0,110.5,110.5,32278647.0,114292,-942490,-331000,70.95,300,150,104,68.47
176,2023-07-28,110.5,111.0,109.5,109.5,23255646.0,-5914235,-732712,-955517,70.95,300,150,104,68.47
177,2023-07-31,110.5,111.0,108.5,108.5,30730719.0,-6257518,94000,-334124,70.84,302,146,106,68.35
178,2023-08-01,109.5,111.0,109.0,110.5,24113256.0,10788376,168000,2592,70.84,302,146,106,68.35
179,2023-08-02,110.0,110.5,108.0,108.0,34095728.0,-9898428,662000,-2185007,70.84,302,146,106,68.35
180,2023-08-04,109.0,111.0,109.0,111.0,40122815.0,14614844,476001,-1466772,70.84,302,146,106,68.35
181,2023-08-07,112.0,112.5,109.5,109.5,45621252.0,-13334768,-84000,357852,70.91,303,150,105,68.42
182,2023-08-08,110.5,111.0,109.5,110.5,29311389.0,4559616,418000,-1478736,70.91,303,150,105,68.42
183,2023-08-09,110.5,111.5,110.0,110.5,20468574.0,4709360,260000,-247000,70.91,303,150,105,68.42
184,2023-08-10,111.0,111.0,109.5,110.0,22401300.0,-1298140,288220,-294676,70.91,303,150,105,68.42
185,2023-08-11,110.0,110.5,108.5,108.5,22854757.0,-11367502,198000,-717387,70.91,303,150,105,68.42
186,2023-08-14,109.5,110.5,109.0,110.0,30169722.0,-545120,1221861,322659,70.62,299,157,106,68.1
187,2023-08-15,108.0,109.0,107.0,107.0,64762274.0,-25205298,145000,-619391,70.62,299,157,106,68.1
188,2023-08-16,106.5,106.5,105.0,105.5,44390097.0,-13401200,455609,-440649,70.62,299,157,106,68.1
189,2023-08-17,105.5,107.0,105.5,106.5,24753076.0,896810,336394,1003231,70.62,299,157,106,68.1
190,2023-08-18,106.5,107.0,105.5,106.0,17412067.0,-3542564,-392000,-13990,70.62,299,157,106,68.1
191,2023-08-21,106.5,107.0,105.5,106.0,10884357.0,-440726,-270000,42006,70.69,301,154,106,68.18
192,2023-08-22,106.5,107.0,106.0,106.5,13225842.0,3255170,-104257,-108000,70.69,301,154,106,68.18
193,2023-08-23,106.5,107.5,106.0,106.5,16581083.0,4063562,-64000,247000,70.69,301,154,106,68.18
194,2023-08-24,109.0,110.5,108.5,109.5,51036295.0,11872023,-159000,-487490,70.69,301,154,106,68.18
195,2023-08-25,108.5,109.0,108.0,108.0,21353911.0,-6243010,5233,-385969,70.69,301,154,106,68.18
196,2023-08-28,108.5,109.0,108.0,108.0,16852420.0,-11154,761921,151000,70.67,297,152,109,68.16
197,2023-08-29,108.0,108.5,105.0,106.0,64563484.0,-6786189,-1040000,378773,70.67,297,152,109,68.16
198,2023-08-30,106.5,107.0,106.0,106.0,20861174.0,719871,-155655,3050,70.67,297,152,109,68.16
199,2023-08-31,106.0,107.0,105.5,106.5,57884785.0,2523030,49733,884745,70.67,297,152,109,68.16
200,2023-09-01,106.5,107.5,106.5,107.5,14106975.0,1900698,-108934,-316001,70.67,297,152,109,68.16
201,2023-09-04,107.5,108.0,105.5,106.5,21399910.0,-1386994,61194,-327628,70.66,299,155,110,68.13
202,2023-09-05,106.5,107.0,106.0,107.0,13947190.0,718896,-362163,460848,70.66,299,155,110,68.13
203,2023-09-06,106.5,107.0,106.0,106.0,17723586.0,414774,-199764,-394711,70.66,299,155,110,68.13
204,2023-09-07,106.0,106.0,105.5,105.5,14703513.0,-3347988,52054,-621033,70.66,299,155,110,68.13
205,2023-09-08,105.5,106.0,105.0,106.0,12232593.0,-3498846,539015,-103519,70.66,299,155,110,68.13
206,2023-09-11,106.0,106.0,105.0,105.0,17970490.0,-5147278,293000,-22978,70.67,294,156,107,68.17
207,2023-09-12,106.0,107.5,105.5,107.5,29936070.0,12483465,134000,524494,70.67,294,156,107,68.17
208,2023-09-13,107.0,107.5,105.5,106.0,18447173.0,-4980147,-491000,-44906,70.67,294,156,107,68.17
209,2023-09-14,106.5,107.0,106.0,106.5,15925971.0,-1015293,30000,15943,70.67,294,156,107,68.17
210,2023-09-15,106.5,107.0,106.0,106.0,35796358.0,-4885401,-4349862,36000,70.67,294,156,107,68.17
211,2023-09-18,106.0,106.5,105.5,106.5,19458299.0,-4466341,-27000,-437829,70.54,292,158,106,68.05
212,2023-09-19,106.5,107.5,106.5,106.5,13864956.0,5225567,-129484,-371064,70.54,292,158,106,68.05
213,2023-09-20,106.5,107.0,106.0,106.0,19168653.0,-6216526,-80000,-799019,70.54,292,158,106,68.05
214,2023-09-21,106.0,106.5,105.0,105.0,22481559.0,-10954081,204949,-31901,70.54,292,158,106,68.05
215,2023-09-22,105.0,105.5,105.0,105.0,15164145.0,-3821279,98000,209799,70.54,292,158,106,68.05
216,2023-09-25,105.5,106.0,105.0,105.5,16714643.0,-6315562,47000,108997,70.38,300,156,104,67.88
217,2023-09-26,105.0,105.5,104.0,104.0,30615520.0,-8815742,43281,-63789,70.38,300,156,104,67.88
218,2023-09-27,104.0,104.5,103.5,104.0,16571407.0,-6403372,112914,-521732,70.38,300,156,104,67.88
219,2023-09-28,104.5,104.5,103.0,104.0,24489178.0,-1910893,-191000,-82207,70.38,300,156,104,67.88
220,2023-10-02,104.0,105.0,104.0,104.5,13980808.0,-2361691,31154,601403,70.27,297,153,111,67.75
221,2023-10-03,104.0,104.5,103.5,104.0,17720597.0,-3795032,-1142780,287842,70.27,297,153,111,67.75
222,2023-10-04,103.0,103.5,102.5,103.0,27864693.0,-11565430,-161286,-242936,70.27,297,153,111,67.75
223,2023-10-05,103.0,104.0,103.0,103.5,16777516.0,228154,-262167,319991,70.27,297,153,111,67.75
224,2023-10-06,105.0,106.0,104.5,105.5,28202817.0,2703319,135000,474973,70.27,297,153,111,67.75
225,2023-10-11,106.5,106.5,105.5,106.0,39153271.0,6351364,92000,97500,70.41,296,153,106,67.92
226,2023-10-12,106.5,107.0,106.0,107.0,30018890.0,11570894,126000,-490600,70.41,296,153,106,67.92
227,2023-10-13,107.0,107.5,106.0,107.5,27592508.0,6134834,2000,93942,70.41,296,153,106,67.92
228,2023-10-16,107.0,107.5,106.5,107.0,17539617.0,-734187,185552,457000,70.32,303,154,103,67.82
229,2023-10-17,107.5,108.0,106.5,106.5,17843132.0,-3366929,-170000,507001,70.32,303,154,103,67.82
230,2023-10-18,106.0,106.5,105.0,105.5,28734757.0,-1210644,-1011000,-2006960,70.32,303,154,103,67.82
231,2023-10-19,105.0,105.5,103.0,103.5,42470168.0,-13294910,-6403000,1664696,70.32,303,154,103,67.82
232,2023-10-20,103.0,104.5,103.0,103.5,33199943.0,-803502,-4076969,940404,70.32,303,154,103,67.82
233,2023-10-23,102.0,102.0,100.0,100.5,84175293.0,-38794640,-710000,-2123563,69.63,304,152,101,67.15
234,2023-10-24,99.8,99.8,97.3,98.3,113705847.0,-39263052,-590315,-739836,69.63,304,152,101,67.15
235,2023-10-25,98.3,99.5,98.3,99.0,41361487.0,-17070219,171000,179760,69.63,304,152,101,67.15
236,2023-10-26,98.3,98.7,98.0,98.5,42562225.0,-13072875,2108,-207819,69.63,304,152,101,67.15
237,2023-10-27,98.5,98.9,98.2,98.2,33549955.0,-12270351,203000,809530,69.63,304,152,101,67.15
238,2023-10-30,98.3,98.5,94.0,94.5,139233228.0,-31614248,106000,-1035417,69.25,310,148,99,66.78
239,2023-10-31,95.1,96.9,95.1,96.5,63987716.0,2546069,-757000,-209039,69.25,310,148,99,66.78
240,2023-11-01,96.4,96.5,95.6,95.6,26792559.0,-11520722,-985702,43383,69.25,310,148,99,66.78
241,2023-11-02,96.2,97.4,96.0,97.0,25319099.0,558756,149784,724825,69.25,310,148,99,66.78
242,2023-11-03,95.8,96.2,95.2,95.8,44283856.0,-12997574,-602000,195094,69.25,310,148,99,66.78
243,2023-11-06,96.2,97.7,96.2,96.4,39193519.0,2585475,-1035102,54949,69.16,318,151,94,66.68
244,2023-11-07,96.4,96.8,95.5,96.1,28714421.0,-10943062,-934552,-374769,69.16,318,151,94,66.68
245,2023-11-08,95.7,97.4,95.7,97.0,20362795.0,6135499,-716804,116303,69.16,318,151,94,66.68
246,2023-11-09,97.4,98.4,97.3,97.9,31177239.0,4115944,-790635,178000,69.16,318,151,94,66.68
247,2023-11-10,97.9,98.0,97.0,97.2,16713387.0,-4733192,-1219673,-451000,69.16,318,151,94,66.68
248,2023-11-13,97.8,98.4,97.5,97.7,18461159.0,1608735,-1214400,1555115,69.25,327,146,98,66.75
249,2023-11-14,98.4,101.0,98.2,100.0,47364152.0,5535312,-206205,5499050,69.25,327,146,98,66.75
250,2023-11-15,100.5,101.5,99.8,100.5,51481834.0,10995266,-4898606,-6103701,69.25,327,146,98,66.75
251,2023-11-16,101.0,101.5,100.5,101.0,31965062.0,7167817,-2849096,-697062,69.25,327,146,98,66.75
252,2023-11-17,101.5,103.5,101.0,102.5,47314771.0,12925639,-3085817,630952,69.25,327,146,98,66.75
253,2023-11-20,102.5,102.5,101.0,101.0,29960033.0,-5529332,197,-1066993,69.34,324,147,103,66.81
254,2023-11-21,102.0,102.5,101.0,102.5,37190582.0,18105353,-2005086,-356000,69.34,324,147,103,66.81
255,2023-11-22,103.0,104.0,102.0,102.0,28562720.0,-641154,-15604,-549580,69.34,324,147,103,66.81
256,2023-11-23,102.5,103.0,101.0,101.5,24125544.0,-2603103,-386259,-99000,69.34,324,147,103,66.81
257,2023-11-24,102.0,102.5,101.0,101.5,22653476.0,-3270563,-35342,-104251,69.34,324,147,103,66.81
258,2023-11-27,102.5,103.0,101.5,101.5,24041482.0,-4453506,-51006,250379,69.23,322,148,103,66.71
259,2023-11-28,102.0,103.0,102.0,102.5,29821679.0,5657640,-351000,382279,69.23,322,148,103,66.71
260,2023-11-29,102.5,103.0,101.5,102.0,34373056.0,-4244429,-37400,76736,69.23,322,148,103,66.71
261,2023-11-30,102.0,102.5,101.0,101.5,44645586.0,-6785972,14490,26718,69.23,322,148,103,66.71
262,2023-12-01,101.0,101.5,100.5,100.5,27879140.0,-12677546,-220400,62977,69.23,322,148,103,66.71
263,2023-12-04,101.0,101.5,100.5,101.0,14873417.0,801376,428185,-33617,69.15,322,145,103,66.64
264,2023-12-05,101.0,102.0,100.5,101.0,22028554.0,3935189,127000,-43773,69.15,322,145,103,66.64
265,2023-12-06,101.5,102.0,101.0,101.0,15438431.0,-837782,171859,9000,69.15,322,145,103,66.64
266,2023-12-07,101.0,101.5,100.5,101.0,14143974.0,-1146403,40754,332000,69.15,322,145,103,66.64
267,2023-12-08,101.0,102.0,101.0,101.5,16171663.0,3986379,-70818,-147956,69.15,322,145,103,66.64
268,2023-12-11,101.5,102.0,100.5,101.0,25693233.0,-2175947,145432,-47005,69.17,318,141,105,66.68
269,2023-12-12,101.0,101.5,100.5,101.0,21061040.0,377826,551923,-47759,69.17,318,141,105,66.68
270,2023-12-13,100.5,101.5,100.5,101.0,15245857.0,-1845839,465253,-317988,69.17,318,141,105,66.68
271,2023-12-14,101.5,102.0,101.0,102.0,32842321.0,8869467,-441290,-1238601,69.17,318,141,105,66.68
272,2023-12-15,101.5,102.0,101.0,101.5,41228565.0,-7390078,3035782,-339969,69.17,318,141,105,66.68
273,2023-12-18,101.5,102.0,101.0,102.0,28168793.0,-1897650,10134740,-1425813,69.39,320,147,101,66.89
274,2023-12-19,102.0,102.5,101.5,102.5,32970317.0,-4775473,10021473,-2036000,69.39,320,147,101,66.89
275,2023-12-20,102.5,104.5,102.5,104.5,54775393.0,10577704,9915995,-1596878,69.39,320,147,101,66.89
276,2023-12-21,103.0,103.5,102.5,103.5,34981356.0,-16545149,9542864,65204,69.39,320,147,101,66.89
277,2023-12-22,103.5,104.0,103.0,103.5,23874742.0,-5225107,6200903,-299000,69.39,320,147,101,66.89
278,2023-12-25,103.5,104.0,103.0,103.5,11452984.0,2915650,-172178,-60685,69.5,321,144,103,67.0
279,2023-12-26,104.0,104.0,103.5,104.0,10038346.0,2269878,-61953,-156125,69.5,321,144,103,67.0
280,2023-12-27,104.0,104.0,103.0,103.5,19101096.0,1993228,1106854,-520583,69.5,321,144,103,67.0
281,2023-12-28,103.5,104.0,103.0,104.0,23454232.0,10634917,1155998,-290995,69.5,321,144,103,67.0
282,2023-12-29,104.0,105.0,103.5,104.5,26228159.0,9391011,1077492,-111334,69.5,321,144,103,67.0
283,2024-01-02,104.5,105.0,104.0,105.0,20339186.0,5615921,3206000,70030,69.66,323,148,98,67.17
284,2024-01-03,104.5,105.0,104.0,104.5,19284338.0,1920698,869061,-339342,69.66,323,148,98,67.17
285,2024-01-04,104.5,105.0,104.0,104.0,15626821.0,19912,147884,109000,69.66,323,148,98,67.17
286,2024-01-05,104.0,104.5,104.0,104.0,13458610.0,-1886616,53687,-86000,69.66,323,148,98,67.17
287,2024-01-08,103.5,104.0,101.5,101.5,35053132.0,-14774108,81371,38179,69.49,330,143,95,67.03
288,2024-01-09,102.0,102.5,101.0,101.0,25951574.0,-14530571,233000,203052,69.49,330,143,95,67.03
289,2024-01-10,101.0,101.5,100.0,100.0,23473035.0,-11331825,299685,125040,69.49,330,143,95,67.03
290,2024-01-11,100.0,102.0,99.7,100.5,34911583.0,-7604118,305215,514054,69.49,330,143,95,67.03
291,2024-01-12,100.0,101.5,100.0,100.5,29378104.0,-7168258,133480,162000,69.49,330,143,95,67.03
292,2024-01-15,101.0,101.5,100.0,100.0,22849994.0,-12645144,-681330,209002,69.26,327,145,94,66.79
293,2024-01-16,99.8,100.5,99.3,100.0,26322401.0,-8286178,-681328,700869,69.26,327,145,94,66.79
294,2024-01-17,99.8,100.0,98.5,98.6,48863335.0,-25528479,659931,1928474,69.26,327,145,94,66.79
295,2024-01-18,99.0,100.0,98.9,99.9,18285961.0,-734492,166980,480245,69.26,327,145,94,66.79
296,2024-01-19,100.0,101.0,100.0,100.5,16535880.0,279954,123000,160657,69.26,327,145,94,66.79
297,2024-01-22,100.5,101.0,99.9,99.9,23125015.0,-8998405,-190246,-253571,69.35,322,148,96,66.87
298,2024-01-23,100.0,101.5,99.9,101.0,19081079.0,4139784,61400,324079,69.35,322,148,96,66.87
299,2024-01-24,101.0,101.5,100.5,100.5,13279806.0,1100886,-262376,-16000,69.35,322,148,96,66.87
300,2024-01-25,101.0,102.0,100.5,102.0,24411257.0,9597834,113447,-124308,69.35,322,148,96,66.87
301,2024-01-26,102.0,103.5,102.0,102.5,26269872.0,2973506,131170,74983,69.35,322,148,96,66.87
302,2024-01-29,102.5,103.0,102.0,102.5,16486936.0,2738100,94003,-289500,69.47,324,147,93,67.01
303,2024-01-30,102.5,103.0,102.0,102.0,17948156.0,1378890,-460885,-141000,69.47,324,147,93,67.01
304,2024-01-31,102.0,102.5,101.5,102.5,18670512.0,3423328,-17065,-96000,69.47,324,147,93,67.01
305,2024-02-01,102.5,103.0,102.0,103.0,15011693.0,3925541,15798,-35270,69.47,324,147,93,67.01
306,2024-02-02,102.5,103.0,101.5,102.0,17360028.0,-3833131,-104174,-89000,69.47,324,147,93,67.01
307,2024-02-05,101.5,102.0,101.0,101.5,17589601.0,-1160163,-186497,56904,69.44,320,150,93,66.97
308,2024-02-15,101.5,102.0,101.0,101.0,28273526.0,-7764581,-200382,-4000,69.42,320,151,92,66.95
309,2024-02-16,101.0,101.5,100.5,101.5,36916925.0,-5156760,-128058,2082700,69.42,320,151,92,66.95
310,2024-02-19,101.5,103.0,101.0,103.0,25690866.0,8382296,-50739,710300,69.57,319,149,91,67.12
311,2024-02-20,103.5,104.5,103.0,103.5,39677541.0,6094600,-286817,554992,69.57,319,149,91,67.12
312,2024-02-21,103.5,104.0,103.0,103.0,18655698.0,255372,-116025,149000,69.57,319,149,91,67.12
313,2024-02-22,103.5,104.0,103.0,103.5,20473149.0,2383589,-446062,226000,69.57,319,149,91,67.12
314,2024-02-23,103.5,104.0,103.0,103.0,17387814.0,3065428,-392590,627000,69.57,319,149,91,67.12
315,2024-02-26,103.0,104.0,103.0,103.5,20262550.0,3901640,-647613,771334,69.67,317,154,91,67.19
316,2024-02-27,104.0,104.5,103.0,103.5,29154596.0,525249,-182674,380755,69.67,317,154,91,67.19
317,2024-02-29,103.0,103.5,103.0,103.0,39113569.0,-9091839,-196391,440146,69.67,317,154,91,67.19
318,2024-03-01,103.0,103.5,102.0,102.0,28288633.0,-10224952,550434,-140000,69.67,317,154,91,67.19
319,2024-03-04,102.5,107.0,102.5,106.5,107381334.0,26573582,1618647,8551692,70.26,312,150,92,67.82
320,2024-03-05,107.0,108.5,106.5,106.5,75946177.0,10129625,313450,1666544,70.26,312,150,92,67.82
321,2024-03-06,106.0,107.5,105.5,106.5,40719766.0,-652327,917100,3748202,70.26,312,150,92,67.82
322,2024-03-07,108.0,108.5,107.0,107.5,48017303.0,1406500,126070,4902019,70.26,312,150,92,67.82
323,2024-03-08,107.5,108.5,104.5,105.0,69726404.0,-13144411,358619,1214094,70.26,312,150,92,67.82
324,2024-03-11,105.0,111.5,105.0,109.5,140871436.0,16102186,2774000,13447773,72.29,313,167,101,69.71
325,2024-03-12,111.5,119.0,111.5,119.0,351300080.0,30531631,11849039,18843613,72.29,313,167,101,69.71
326,2024-03-13,121.5,123.5,118.0,120.5,345545874.0,28390844,27303787,3462798,72.29,313,167,101,69.71
327,2024-03-14,121.0,121.5,117.0,121.0,197698899.0,55812464,7185787,-2363949,72.29,313,167,101,69.71
328,2024-03-15,128.0,133.0,127.0,132.0,407962863.0,93628524,18176824,11142124,72.29,313,167,101,69.71
329,2024-03-18,133.0,137.0,131.5,136.0,241783637.0,-11534170,7804364,6925856,73.95,315,175,101,71.32
330,2024-03-19,133.0,136.0,130.0,136.0,173862333.0,20336153,14605004,-138114,73.95,315,175,101,71.32
331,2024-03-20,136.5,142.0,135.5,138.0,206917477.0,11191502,4185811,3463955,73.95,315,175,101,71.32
332,2024-03-21,141.0,145.0,139.0,142.5,185853649.0,3531086,2965122,7378324,73.95,315,175,101,71.32
333,2024-03-22,144.0,148.5,142.0,145.5,240446038.0,4284952,10026944,-5206334,73.95,315,175,101,71.32
334,2024-03-25,147.0,147.5,143.0,145.5,146548712.0,-5001371,313143,5251,74.35,311,179,106,71.68
335,2024-03-26,146.0,147.0,139.0,142.0,183134455.0,38820137,2388793,-7108364,74.35,311,179,106,71.68
336,2024-03-27,143.0,150.0,143.0,148.5,147441892.0,12210340,2143198,-149965,74.35,311,179,106,71.68
337,2024-03-28,150.5,157.0,150.0,155.5,200955134.0,3050266,7291310,2848339,74.35,311,179,106,71.68
338,2024-03-29,157.0,157.5,150.0,150.0,154117085.0,-8796718,2907365,402408,74.35,311,179,106,71.68
339,2024-04-01,151.0,154.5,150.0,150.5,78537153.0,6950822,1780597,-3524248,74.33,317,174,105,71.67
340,2024-04-02,152.0,159.5,151.0,159.0,180494521.0,13659154,619035,4412954,74.33,317,174,105,71.67
341,2024-04-03,156.0,159.0,155.0,159.0,142522729.0,-30790761,4015851,1048795,74.33,317,174,105,71.67
342,2024-04-08,159.0,160.0,156.5,158.0,109070055.0,-378661,-2106838,-434897,74.1,308,179,103,71.45
343,2024-04-09,158.5,161.5,155.5,158.0,102584375.0,2985074,-24923,-60239,74.1,308,179,103,71.45
344,2024-04-10,159.0,160.0,154.0,154.5,98947805.0,-2855568,-1079325,-1556017,74.1,308,179,103,71.45
345,2024-04-11,153.0,153.5,147.0,150.0,174128794.0,23486810,-3076000,-4236039,74.1,308,179,103,71.45
346,2024-04-12,151.0,153.5,148.5,150.5,118079241.0,580209,-1628429,1647453,74.1,308,179,103,71.45
347,2024-04-15,148.5,150.0,144.5,146.0,113282549.0,7933714,-2385000,-2669847,74.0,317,174,102,71.34
348,2024-04-16,142.5,143.0,137.5,141.0,177628458.0,26294368,-1298807,-3975161,74.0,317,174,102,71.34
349,2024-04-17,143.0,147.5,141.0,146.5,105843742.0,-5116543,528536,2001542,74.0,317,174,102,71.34
350,2024-04-18,144.5,148.5,144.5,148.0,76071986.0,10589066,-220753,-661501,74.0,317,174,102,71.34
351,2024-04-19,146.0,147.5,140.0,143.0,133862460.0,-10002900,-1064499,-1900509,74.0,317,174,102,71.34
352,2024-04-22,141.5,145.5,141.5,143.0,71622415.0,10144564,874000,1943343,73.96,320,181,101,71.27
353,2024-04-23,145.5,146.5,143.5,144.0,68570312.0,899663,929000,1136763,73.96,320,181,101,71.27
354,2024-04-24,147.5,157.0,146.5,156.0,193442337.0,15550734,1921801,6495368,73.96,320,181,101,71.27
355,2024-04-25,153.0,154.5,151.0,151.5,109088390.0,-10210465,849000,746586,73.96,320,181,101,71.27
356,2024-04-26,156.5,158.0,154.0,155.0,100344911.0,2836226,4151000,-919790,73.96,320,181,101,71.27
357,2024-04-29,157.0,161.0,156.0,158.5,99096768.0,14113901,576000,2495415,74.18,318,179,111,71.44
358,2024-04-30,159.5,161.0,156.0,156.0,73433543.0,-5878130,-4000,-1079957,74.18,318,179,111,71.44
359,2024-05-02,153.5,155.0,152.0,154.0,67513806.0,2254944,-2833,-767325,74.18,318,179,111,71.44
360,2024-05-03,157.5,159.0,156.0,156.0,68197928.0,22638997,220188,-212783,74.18,318,179,111,71.44
361,2024-05-06,161.5,168.5,161.0,167.5,179516827.0,37940009,1929935,5495738,74.52,312,183,115,71.76
362,2024-05-07,169.5,171.0,166.5,169.5,126287105.0,-13735317,2633566,2251821,74.52,312,183,115,71.76
363,2024-05-08,168.5,171.5,168.0,169.5,78084583.0,-7194516,1642000,20292,74.52,312,183,115,71.76
364,2024-05-09,169.5,175.0,169.5,170.5,114983332.0,-14152168,2992834,1678486,74.52,312,183,115,71.76
365,2024-05-10,171.5,172.0,167.0,169.5,85310403.0,-1574270,727909,-1197851,74.52,312,183,115,71.76
366,2024-05-13,171.0,173.0,169.0,169.5,78843674.0,391935,1279806,-1303850,74.4,313,181,113,71.66
367,2024-05-14,170.0,175.0,168.0,172.0,125671087.0,445985,566498,-1337941,74.4,313,181,113,71.66
368,2024-05-15,168.0,174.0,165.5,170.5,156608812.0,11860675,-3318945,3159010,74.4,313,181,113,71.66
369,2024-05-16,175.0,179.0,170.5,171.5,151581757.0,8738187,32999,2309091,74.4,313,181,113,71.66
370,2024-05-17,173.0,173.0,167.0,170.0,89280668.0,-4967366,-633251,-892845,74.4,313,181,113,71.66
371,2024-05-20,170.0,170.5,166.0,167.5,75406063.0,-19758317,-1455721,430548,74.24,312,183,116,71.47
372,2024-05-21,166.0,168.5,165.5,166.0,47272089.0,-7122263,-1279041,331949,74.24,312,183,116,71.47
373,2024-05-22,166.0,170.5,166.0,169.0,55692866.0,2863727,-1574952,2528373,74.24,312,183,116,71.47
374,2024-05-23,173.5,174.0,169.5,173.0,84761305.0,27620492,424683,981329,74.24,312,183,116,71.47
375,2024-05-24,172.0,176.0,171.0,176.0,72217014.0,21509806,-759976,897516,74.24,312,183,116,71.47
376,2024-05-27,179.0,185.0,178.5,185.0,115328484.0,6174262,1850009,2414285,74.09,318,188,122,71.24
377,2024-05-28,185.5,186.0,183.5,185.5,71081551.0,-8812568,655738,-1749743,74.09,318,188,122,71.24
378,2024-05-29,185.5,186.0,180.5,180.5,79257473.0,-22098795,1378251,-965121,74.09,318,188,122,71.24
379,2024-05-30,177.0,179.5,176.0,176.5,80629020.0,-14136268,-2669000,-1259571,74.09,318,188,122,71.24
380,2024-05-31,177.0,179.0,172.0,172.0,150789406.0,-25011126,-6185537,-2346804,74.09,318,188,122,71.24
381,2024-06-03,177.0,179.5,174.5,176.5,90323078.0,-10411650,-879000,1464285,73.47,309,195,122,70.62
382,2024-06-04,175.0,176.5,170.0,171.0,104412410.0,-22368109,516031,-3768867,73.47,309,195,122,70.62
383,2024-06-05,171.0,178.0,168.5,175.5,118643822.0,912599,-373830,1370369,73.47,309,195,122,70.62
384,2024-06-06,181.5,183.0,177.5,177.5,122671053.0,8097188,2303762,-2462208,73.47,309,195,122,70.62
385,2024-06-07,177.5,180.0,176.5,177.5,56520045.0,2789513,-811743,-739845,73.47,309,195,122,70.62
386,2024-06-11,179.0,181.5,177.5,180.5,85329821.0,23750489,469185,-909355,73.9,315,196,124,71.01
387,2024-06-12,184.0,188.0,182.5,187.5,126289783.0,38092110,1362332,19135,73.9,315,196,124,71.01
388,2024-06-13,191.0,195.0,188.0,192.0,148512198.0,14336897,153866,-395038,73.9,315,196,124,71.01
389,2024-06-14,192.5,198.5,191.0,198.0,125211164.0,45827637,166987,-568321,73.9,315,196,124,71.01
390,2024-06-17,197.5,200.0,195.0,200.0,90945035.0,-89408,665609,-251657,74.36,325,184,120,71.51
391,2024-06-18,200.5,201.0,197.0,198.5,93439720.0,-9992115,192340,1321906,74.36,325,184,120,71.51
392,2024-06-19,200.0,208.0,199.5,203.0,176031571.0,19843878,-5470263,8034288,74.36,325,184,120,71.51
393,2024-06-20,205.0,217.5,203.5,217.5,180562091.0,33661704,-4374000,1558461,74.36,325,184,120,71.51
394,2024-06-21,211.0,217.5,211.0,212.0,174076905.0,-34843119,-8186551,-1227068,74.36,325,184,120,71.51
395,2024-06-24,209.5,210.0,205.0,206.0,109548050.0,6568092,-10602409,-1355264,73.82,323,191,128,70.89
396,2024-06-25,203.0,212.0,201.0,211.0,121206515.0,179945,-5680000,1947589,73.82,323,191,128,70.89
397,2024-06-26,211.5,215.5,210.0,210.0,110939569.0,-16128345,-5765000,518603,73.82,323,191,128,70.89
398,2024-06-27,208.0,214.5,207.5,212.5,85520365.0,8015423,-5509000,760856,73.82,323,191,128,70.89
399,2024-06-28,214.0,216.0,212.5,214.0,76615716.0,-3754958,-1225634,1225641,73.82,323,191,128,70.89
400,2024-07-01,215.0,217.0,214.5,216.0,74505315.0,-2563675,-55977,3617656,73.38,325,194,128,70.44
401,2024-07-02,212.0,213.0,203.0,204.5,147154898.0,-44271392,-2493564,-4596307,73.38,325,194,128,70.44
402,2024-07-03,205.0,208.0,203.0,203.0,77916135.0,-9224176,-23854240,322153,73.38,325,194,128,70.44
403,2024-07-04,208.0,215.0,207.5,214.5,112375851.0,46145676,-3401140,1240503,73.38,325,194,128,70.44
404,2024-07-05,214.0,215.5,212.5,214.5,44877435.0,-12501365,314638,296692,73.38,325,194,128,70.44
405,2024-07-08,217.0,226.5,216.5,226.5,116266597.0,18159830,663980,1413658,73.2,328,196,114,70.32
406,2024-07-09,226.5,234.5,220.5,225.5,140667212.0,-18407918,1329843,-1187225,73.2,328,196,114,70.32
407,2024-07-10,225.5,226.0,220.5,223.5,72345924.0,-21785927,713700,-611349,73.2,328,196,114,70.32
408,2024-07-11,226.5,229.0,224.0,225.5,66478277.0,-9730561,385000,985891,73.2,328,196,114,70.32
409,2024-07-12,219.0,221.0,214.0,216.0,145211899.0,-63339705,-45000,40389,73.2,328,196,114,70.32
410,2024-07-15,216.5,219.0,214.5,216.5,53360233.0,14337075,-1126000,-779680,72.35,331,195,112,69.48
411,2024-07-16,216.5,217.5,212.5,213.0,84353418.0,-12250127,-1109302,350837,72.35,331,195,112,69.48
412,2024-07-17,213.0,217.5,211.5,212.0,76957900.0,1528018,-2484241,-2308114,72.35,331,195,112,69.48
413,2024-07-18,206.0,209.0,203.0,204.0,136319692.0,-24079072,-3562931,-1318160,72.35,331,195,112,69.48
414,2024-07-19,200.5,204.0,200.0,204.0,92595590.0,15869280,-1724000,-1345418,72.35,331,195,112,69.48
415,2024-07-22,203.0,204.0,191.0,192.5,162437272.0,8166279,-3651230,-4792006,72.36,346,188,112,69.48
416,2024-07-23,198.5,201.5,197.0,201.5,86260900.0,6824917,768801,-735826,72.36,346,188,112,69.48
417,2024-07-26,190.0,194.0,188.5,192.0,105379193.0,-30322489,-5854630,-1041904,72.36,346,188,112,69.48
418,2024-07-29,196.0,197.0,192.0,193.0,59992669.0,5579105,1261000,860763,72.16,347,200,103,69.26
419,2024-07-30,190.5,197.0,189.0,196.0,56000732.0,-4077,260000,1943401,72.16,347,200,103,69.26
420,2024-07-31,194.5,202.0,194.0,198.0,78102814.0,-1050635,-529000,-16636,72.16,347,200,103,69.26
421,2024-08-01,205.0,205.5,200.5,202.5,71018214.0,1390949,1497000,266145,72.16,347,200,103,69.26
422,2024-08-02,192.5,194.5,185.5,186.5,180006074.0,-71405841,-2188000,-13093142,72.16,347,200,103,69.26
423,2024-08-05,169.5,172.5,168.0,168.0,235984497.0,-42963312,-162000,-15502099,70.54,340,202,104,67.65
424,2024-08-06,173.5,175.0,160.0,167.5,312722064.0,-36242632,1191500,-1075757,70.54,340,202,104,67.65
425,2024-08-07,169.0,175.0,168.0,170.5,172980115.0,-44625716,1925308,2357412,70.54,340,202,104,67.65
426,2024-08-08,163.5,166.5,161.0,163.5,175362627.0,-25876960,-337474,-2691158,70.54,340,202,104,67.65
427,2024-08-09,170.0,172.0,168.0,168.5,138560409.0,15599040,1162577,-1548339,70.54,340,202,104,67.65
428,2024-08-12,172.0,179.0,171.5,176.0,116336000.0,3883424,3426532,1859264,70.7,345,209,105,67.75
429,2024-08-13,180.0,183.0,178.0,181.0,117511594.0,-4869118,2741200,936435,70.7,345,209,105,67.75
430,2024-08-14,186.0,187.0,183.5,185.5,99284664.0,14246096,1019872,-1080820,70.7,345,209,105,67.75
431,2024-08-15,185.5,186.0,181.0,181.0,85168990.0,-7789183,-2438000,-2409120,70.7,345,209,105,67.75
432,2024-08-16,186.0,187.0,183.0,184.0,73463052.0,6255368,665567,-2163409,70.7,345,209,105,67.75
433,2024-08-19,185.0,188.0,184.5,187.0,58296324.0,6573653,435929,-8066709,70.39,352,206,103,67.45
434,2024-08-20,189.5,191.0,186.0,186.5,85359040.0,-11602090,237429,-3886589,70.39,352,206,103,67.45
435,2024-08-21,185.0,186.0,181.5,183.5,73330894.0,-3003494,-1206786,-13607046,70.39,352,206,103,67.45
436,2024-08-22,184.0,185.0,179.0,179.5,74784164.0,-16470366,-2496786,244846,70.39,352,206,103,67.45
437,2024-08-23,176.0,181.0,175.0,180.0,50027162.0,1860732,-4214786,-114088,70.39,352,206,103,67.45
438,2024-08-26,182.0,185.0,180.5,182.0,42914990.0,-2035713,-812983,-2342,70.33,343,212,101,67.4
439,2024-08-27,181.5,182.0,179.0,180.5,28579088.0,-9781162,-786,161721,70.33,343,212,101,67.4
440,2024-08-28,181.0,186.0,179.5,185.5,60573731.0,770371,-360786,2315256,70.33,343,212,101,67.4
441,2024-08-29,180.5,185.5,180.0,184.5,58392678.0,-8119778,-624106,-1137474,70.33,343,212,101,67.4
442,2024-08-30,185.0,186.0,183.5,184.5,55298840.0,2365086,961200,-155898,70.33,343,212,101,67.4
443,2024-09-02,185.5,187.0,182.0,183.0,36343903.0,-183253,-256887,-925413,70.12,360,208,108,67.11
444,2024-09-03,184.0,187.0,183.0,185.0,52160276.0,21137997,334000,184329,70.12,360,208,108,67.11
445,2024-09-04,175.0,181.0,172.0,179.5,126923199.0,-3785925,222299,-6461408,70.12,360,208,108,67.11
446,2024-09-05,180.0,181.0,175.0,175.0,77629690.0,-31941928,151161,-1622742,70.12,360,208,108,67.11
447,2024-09-06,175.5,178.0,175.0,176.5,39222622.0,4299824,-886749,-667744,70.12,360,208,108,67.11
448,2024-09-09,172.0,174.0,170.5,172.0,68938987.0,-23517171,-864012,-1099619,69.98,355,203,105,67.03
449,2024-09-10,173.5,174.0,167.5,169.0,92555358.0,-9160736,-3679117,-1338126,69.98,355,203,105,67.03
450,2024-09-11,170.0,172.0,169.5,169.5,29538055.0,1212994,537285,-197464,69.98,355,203,105,67.03
451,2024-09-12,174.5,177.5,174.0,177.5,53142993.0,21421440,175882,1996328,69.98,355,203,105,67.03
452,2024-09-13,179.0,179.5,175.0,176.0,37100441.0,-5521501,-226402,-472418,69.98,355,203,105,67.03
453,2024-09-16,177.0,182.0,175.0,181.0,54484267.0,-928107,1348652,731810,69.82,363,207,109,66.8
454,2024-09-18,179.0,179.5,173.5,174.0,78892097.0,-32732595,-295343,-6209434,69.82,363,207,109,66.8
455,2024-09-19,174.5,176.5,173.0,176.5,41818994.0,-1809566,161151,1581864,69.82,363,207,109,66.8
456,2024-09-20,180.0,182.0,177.0,177.0,82199775.0,4770853,2554718,857162,69.82,363,207,109,66.8
457,2024-09-23,178.0,180.5,177.5,180.0,30951518.0,5108727,1186000,859871,70.35,369,208,108,67.31
458,2024-09-24,179.0,184.0,178.0,183.0,57714716.0,4765316,1796155,1977618,70.35,369,208,108,67.31
459,2024-09-25,186.5,191.0,186.0,188.5,119878344.0,23313157,5183358,6461651,70.35,369,208,108,67.31
460,2024-09-26,192.0,193.0,188.5,189.5,66162758.0,-3365157,1494584,724754,70.35,369,208,108,67.31
461,2024-09-27,192.0,194.0,190.0,191.0,69739488.0,12974657,2513462,1870705,70.35,369,208,108,67.31
462,2024-09-30,190.0,191.0,187.5,187.5,64605410.0,-436248,489462,-1041845,70.44,370,215,106,67.37
463,2024-10-01,189.0,190.0,185.5,187.0,36339680.0,-2755710,88230,-1984569,70.44,370,215,106,67.37
464,2024-10-04,188.0,196.5,188.0,194.0,118705879.0,17738610,3904154,3378312,70.44,370,215,106,67.37
465,2024-10-07,199.0,199.0,195.0,197.5,84399003.0,-15285644,2910000,2241700,70.69,371,217,103,67.63
466,2024-10-08,197.0,197.5,194.0,194.0,56919495.0,-12009055,532893,-1824516,70.69,371,217,103,67.63
467,2024-10-09,198.0,200.0,197.0,199.0,84123315.0,31843947,3763231,705570,70.69,371,217,103,67.63
468,2024-10-11,200.0,202.0,199.0,200.0,71856959.0,2635314,3027092,1145445,70.69,371,217,103,67.63
469,2024-10-14,200.0,200.0,196.5,199.0,36897701.0,-6397173,1681662,260495,71.2,375,224,109,68.05
470,2024-10-15,201.0,207.5,200.5,207.0,129198222.0,54478596,3730283,1323308,71.2,375,224,109,68.05
471,2024-10-16,204.0,207.5,203.5,205.0,99708717.0,-4021782,2190385,1588054,71.2,375,224,109,68.05
472,2024-10-17,207.5,209.0,204.0,208.5,66198561.0,15883711,1306000,2255198,71.2,375,224,109,68.05
473,2024-10-18,210.0,211.0,207.0,207.5,107497437.0,1642263,2078462,2724350,71.2,375,224,109,68.05
474,2024-10-21,210.0,213.5,209.0,210.0,59461934.0,-5076068,2582231,904087,71.26,359,228,111,68.14
475,2024-10-22,211.0,216.0,209.0,215.5,94132714.0,27937244,4411231,1668896,71.26,359,228,111,68.14
476,2024-10-23,214.5,217.0,213.0,216.0,51836095.0,-2699151,922786,-477134,71.26,359,228,111,68.14
477,2024-10-24,215.0,215.5,210.0,211.5,80712284.0,5228620,380836,-2102639,71.26,359,228,111,68.14
478,2024-10-25,212.5,216.0,212.0,216.0,49896574.0,14619347,121203,-316368,71.26,359,228,111,68.14
479,2024-10-28,218.5,221.5,214.0,215.0,96697162.0,4795548,977546,80736,71.39,362,225,111,68.27
480,2024-10-29,213.0,213.0,207.0,209.5,87991240.0,-1354545,1366174,-3766680,71.39,362,225,111,68.27
481,2024-10-30,209.5,215.5,209.0,211.5,68400059.0,11867300,916518,-634730,71.39,362,225,111,68.27
482,2024-11-01,202.0,208.5,201.5,208.0,89610123.0,-20921374,817893,-1805624,71.39,362,225,111,68.27
483,2024-11-04,209.0,214.0,208.0,214.0,58094813.0,14696389,1392499,-165461,71.56,373,215,122,68.38
484,2024-11-05,212.0,215.5,211.0,214.0,43852449.0,-4530505,960845,-1356645,71.56,373,215,122,68.38
485,2024-11-06,215.0,217.0,212.5,213.5,67838254.0,891084,980242,-918150,71.56,373,215,122,68.38
486,2024-11-07,212.0,219.0,212.0,217.0,77417403.0,20507265,1298922,1996544,71.56,373,215,122,68.38
487,2024-11-08,219.5,220.0,217.5,218.0,54800994.0,7862559,601920,229471,71.56,373,215,122,68.38
488,2024-11-11,219.5,220.0,217.5,220.0,42180625.0,3823004,147274,58478,71.45,368,215,121,68.3
489,2024-11-12,217.5,218.5,214.0,214.0,69315077.0,-10968638,447003,-2711216,71.45,368,215,121,68.3
490,2024-11-13,212.5,216.5,212.5,214.5,55926693.0,-16614805,397688,-75480,71.45,368,215,121,68.3
491,2024-11-14,215.0,215.5,209.0,211.5,72322171.0,-8711744,-634831,-375727,71.45,368,215,121,68.3
492,2024-11-15,212.0,214.5,206.0,207.0,102463857.0,-28105642,-939412,-1957867,71.45,368,215,121,68.3
493,2024-11-18,205.0,208.0,202.0,202.5,61852042.0,-4936991,-722507,-1604716,70.92,376,207,122,67.78
494,2024-11-19,203.5,205.0,201.0,203.5,60416837.0,-16775073,1138266,1537956,70.92,376,207,122,67.78
495,2024-11-20,206.5,208.5,205.0,206.0,44351353.0,-4981089,459716,547810,70.92,376,207,122,67.78
496,2024-11-21,205.0,205.0,202.0,202.5,50295948.0,-20960360,40772,525608,70.92,376,207,122,67.78
497,2024-11-22,205.5,207.0,203.0,203.0,37504512.0,-9019770,-3138810,695242,70.92,376,207,122,67.78
498,2024-11-25,206.0,210.5,205.5,210.5,80800240.0,18144371,222605,327010,70.33,370,201,117,67.28
499,2024-11-26,207.0,207.0,202.0,202.5,95313693.0,-55556137,-1430522,-1204428,70.33,370,201,117,67.28
500,2024-11-27,200.5,201.0,196.5,196.5,96019881.0,-22981718,-1395373,-3099633,70.33,370,201,117,67.28
501,2024-11-28,196.0,199.0,193.0,195.5,58511555.0,-4257070,381650,-287212,70.33,370,201,117,67.28
502,2024-11-29,193.5,199.0,192.5,195.5,50800936.0,-12070637,33581,493728,70.33,370,201,117,67.28
503,2024-12-02,198.5,199.5,195.5,196.0,47905269.0,-5336721,-7771123,-1137653,70.06,369,204,121,66.97
504,2024-12-03,198.5,200.0,196.5,196.5,52170125.0,-12590108,-5339000,1382415,70.06,369,204,121,66.97
505,2024-12-04,197.5,201.5,197.0,201.0,50379504.0,5245668,-1295936,241414,70.06,369,204,121,66.97
506,2024-12-05,203.0,203.5,199.0,199.0,46475440.0,-16305846,-448799,-1290960,70.06,369,204,121,66.97
507,2024-12-06,199.5,201.5,197.5,198.0,47526532.0,3178737,-10138000,443440,70.06,369,204,121,66.97
508,2024-12-09,198.5,199.0,195.0,195.0,41114306.0,-8862409,-8927000,-83364,69.42,368,196,116,66.4
509,2024-12-10,193.0,195.0,192.0,192.0,58994150.0,-20449621,-3937268,-842459,69.42,368,196,116,66.4
510,2024-12-11,190.0,194.0,189.0,189.0,66246732.0,-10444509,-8262870,-2059740,69.42,368,196,116,66.4
511,2024-12-12,190.5,193.0,188.5,188.5,50634757.0,-8136763,-8548318,-653092,69.42,368,196,116,66.4
512,2024-12-13,188.5,189.5,185.5,186.5,55417050.0,-13378767,-8535065,-420358,69.42,368,196,116,66.4
513,2024-12-16,188.0,189.5,181.5,182.0,75228642.0,943535,-6118318,-1988935,68.87,370,193,115,65.86
514,2024-12-17,181.0,186.0,181.0,183.0,55667607.0,-17956790,-2567670,247070,68.87,370,193,115,65.86
515,2024-12-18,183.0,185.5,182.5,184.5,47937386.0,-1266248,-852514,-2648867,68.87,370,193,115,65.86
516,2024-12-19,181.0,182.0,179.0,181.0,65029900.0,-27844628,-2090167,340608,68.87,370,193,115,65.86
517,2024-12-20,181.0,184.0,180.0,181.0,56744328.0,-8275571,-4543503,595350,68.87,370,193,115,65.86
518,2024-12-23,185.0,187.5,184.0,185.5,52761423.0,-573822,-3134649,1953471,68.72,369,188,117,65.72
519,2024-12-24,187.5,187.5,185.5,185.5,33589660.0,-7473982,-4110000,233018,68.72,369,188,117,65.72
520,2024-12-25,186.5,188.0,186.0,186.5,21758176.0,-586180,-3319500,705782,68.72,369,188,117,65.72
521,2024-12-26,187.5,189.0,187.0,187.5,36347153.0,-565254,-5033658,159814,68.72,369,188,117,65.72
522,2024-12-27,187.5,188.0,185.5,186.5,22136195.0,-5457139,-1499767,-224725,68.72,369,188,117,65.72
523,2024-12-30,185.5,187.0,184.5,185.0,24531536.0,-1787717,-353333,-322869,68.49,371,191,113,65.5
524,2024-12-31,184.5,185.0,183.0,184.0,22003451.0,-7408029,-1037229,-331662,68.49,371,191,113,65.5
525,2025-01-02,184.0,186.0,181.5,182.5,41467354.0,-11791471,-1926917,-675663,68.49,371,191,113,65.5
526,2025-01-03,183.0,184.0,180.5,181.0,48659205.0,-10665258,-811000,629896,68.49,371,191,113,65.5
527,2025-01-06,185.0,187.5,183.5,184.5,67829021.0,-5938954,374000,588419,68.19,369,195,106,65.23
528,2025-01-07,187.0,192.0,186.5,190.0,83019294.0,9613864,6000,1019111,68.19,369,195,106,65.23
529,2025-01-08,190.0,190.0,187.0,188.0,41798818.0,-11258307,-291358,-282433,68.19,369,195,106,65.23
530,2025-01-09,188.0,188.0,183.0,183.0,47079538.0,-8636150,-350003,-1220889,68.19,369,195,106,65.23
531,2025-01-10,182.5,184.0,181.0,181.5,42317494.0,-22278547,-248000,426847,68.19,369,195,106,65.23
532,2025-01-13,180.0,180.5,171.5,171.5,157188534.0,-72078813,-375622,-3238915,67.18,373,196,106,64.21
533,2025-01-14,171.5,174.5,171.0,174.5,64355673.0,-12068004,-852000,-282249,67.18,373,196,106,64.21
534,2025-01-15,174.5,175.5,171.0,171.0,60432737.0,-17718580,73300,133472,67.18,373,196,106,64.21
535,2025-01-16,175.0,176.0,173.0,173.5,42128703.0,-1493459,-1562000,1736101,67.18,373,196,106,64.21
536,2025-01-17,173.0,175.5,172.0,173.5,47442329.0,-6588597,-546622,482448,67.18,373,196,106,64.21
537,2025-01-20,174.5,178.0,174.5,178.0,35167919.0,7416964,-530300,552368,67.14,364,195,112,64.17
538,2025-01-21,178.5,180.0,177.0,178.5,32613034.0,21274,-957221,-54126,67.14,364,195,112,64.17
539,2025-01-22,180.5,181.0,178.5,180.0,44375092.0,1276686,-352778,1336689,67.14,364,195,112,64.17
540,2025-02-03,164.0,168.0,163.5,165.5,168103694.0,-95640428,-6725376,-1591177,66.38,368,182,109,63.48
541,2025-02-04,167.0,169.0,165.0,165.0,68458788.0,-29724724,-636517,84754,66.38,368,182,109,63.48
542,2025-02-05,167.0,171.5,167.0,171.0,53304973.0,16933404,-214213,-305904,66.38,368,182,109,63.48
543,2025-02-06,172.5,174.0,171.0,173.0,41060652.0,-5532434,-537214,186734,66.38,368,182,109,63.48
544,2025-02-07,175.0,178.0,174.0,178.0,52118210.0,17778695,-2136916,637731,66.38,368,182,109,63.48
545,2025-02-10,176.0,176.5,174.0,174.0,37723196.0,-14763086,71846,-606916,66.58,362,185,109,63.68
546,2025-02-11,178.0,182.0,176.0,179.0,71048641.0,20890791,-127820,233214,66.58,362,185,109,63.68
547,2025-02-12,181.5,181.5,177.0,177.0,42666219.0,-11389470,-898818,-29228,66.58,362,185,109,63.68
548,2025-02-13,177.0,181.0,177.0,180.0,40596733.0,-768715,42576,1739688,66.58,362,185,109,63.68
549,2025-02-14,180.0,180.5,177.5,178.0,26925038.0,-5014980,232753,-49695,66.58,362,185,109,63.68
550,2025-02-17,179.5,182.5,179.0,182.5,47251327.0,24705219,-73426,801753,66.76,362,187,104,63.88
551,2025-02-18,183.0,184.0,181.0,183.5,27184244.0,-530877,-878638,-295723,66.76,362,187,104,63.88
552,2025-02-19,183.5,184.5,182.0,183.0,35389548.0,97293,-853426,-779797,66.76,362,187,104,63.88
553,2025-02-20,183.0,183.5,181.5,182.0,23659372.0,-3636355,27444,79165,66.76,362,187,104,63.88
554,2025-02-21,181.5,184.0,181.0,183.0,35359340.0,-1691163,-140246,276292,66.76,362,187,104,63.88
555,2025-02-24,181.0,184.0,180.5,184.0,27928907.0,3091413,181939,423106,66.61,354,182,107,63.77
556,2025-02-25,181.5,182.0,177.5,177.5,70811787.0,-37791214,251424,-211087,66.61,354,182,107,63.77
557,2025-02-26,175.0,181.0,174.5,180.5,45145771.0,-2803314,380209,934457,66.61,354,182,107,63.77
558,2025-02-27,180.0,181.5,174.0,174.0,81509723.0,-29666147,40185,-1067780,66.61,354,182,107,63.77
590,2025-03-03,,,,,,-33934589,1654000,601193,66.06,360,179,109,63.2
591,2025-03-04,,,,,,-22809800,644835,475085,66.06,360,179,109,63.2
592,2025-03-05,,,,,,-1178446,143565,461398,66.06,360,179,109,63.2
593,2025-03-06,,,,,,-3768854,548566,-489567,66.06,360,179,109,63.2
594,2025-03-07,,,,,,-5541427,632000,-429550,66.06,360,179,109,63.2
595,2025-03-10,,,,,,-1570953,719000,-1096938,65.8,364,174,113,62.93
596,2025-03-11,,,,,,-24900383,714000,-1788167,65.8,364,174,113,62.93
597,2025-03-12,,,,,,44649,844981,-399813,65.8,364,174,113,62.93
598,2025-03-13,,,,,,-4570515,368000,-39628,65.8,364,174,113,62.93
599,2025-03-14,,,,,,860349,466000,2033269,65.8,364,174,113,62.93
600,2025-03-17,,,,,,-21151252,299000,-297934,65.34,351,177,110,62.51
