date,factor,explanation,updated_time,news_count
2024-12-18,-1.5,OK,2025-09-17 00:13:45,15
2024-12-19,-1.2,OK,2025-09-17 00:13:48,15
2024-12-20,-1.3,OK,2025-09-17 00:13:50,15
2024-12-23,-2.3,OK,2025-09-17 00:13:53,15
2024-12-24,-0.5,OK,2025-09-17 00:13:55,15
2024-12-25,-0.3,OK,2025-09-17 00:13:56,15
2024-12-26,-1.8,OK,2025-09-17 00:13:58,15
2024-12-27,0.5,OK,2025-09-17 00:14:00,15
2024-12-30,-1.2,OK,2025-09-17 00:14:03,15
2024-12-31,-0.8,OK,2025-09-17 00:14:05,15
2025-01-02,-1.8,OK,2025-09-17 00:14:07,15
2025-01-03,-1.8,OK,2025-09-17 00:14:10,15
2025-01-06,2.3,OK,2025-09-17 00:14:13,15
2025-01-07,0.5,OK,2025-09-17 00:14:16,15
2025-01-08,-1.3,OK,2025-09-17 00:14:18,15
2025-01-09,-3.2,OK,2025-09-17 00:14:21,15
2025-01-10,-2.6,OK,2025-09-17 00:14:22,15
2025-01-13,-2.5,OK,2025-09-17 00:14:25,15
2025-01-14,-2.4,OK,2025-09-17 00:14:27,15
2025-01-15,-2.4,OK,2025-09-17 00:14:30,15
2025-01-16,-2.4,OK,2025-09-17 00:14:33,15
2025-01-17,-1.2,OK,2025-09-17 00:14:36,15
2025-01-20,-1.3,OK,2025-09-17 00:14:38,15
2025-01-21,-1.2,OK,2025-09-17 00:14:41,15
2025-01-22,-0.5,OK,2025-09-17 00:14:44,15
2025-02-03,-9.83,OK,2025-09-17 00:14:47,15
2025-02-04,-1.5,OK,2025-09-17 00:14:49,15
2025-02-05,-0.3,OK,2025-09-17 00:14:52,15
2025-02-06,-0.3,OK,2025-09-17 00:14:54,15
2025-02-07,-3.5,OK,2025-09-17 00:14:57,15
2025-02-10,-3.2,OK,2025-09-17 00:15:00,15
2025-02-11,-0.5,OK,2025-09-17 00:15:02,15
2025-02-12,-1.2,OK,2025-09-17 00:15:04,15
2025-02-13,-2.4,OK,2025-09-17 00:15:06,15
2025-02-14,-1.8,OK,2025-09-17 00:15:09,15
2025-02-17,-1.5,OK,2025-09-17 00:15:11,15
2025-02-18,-1.5,OK,2025-09-17 00:15:13,15
2025-02-19,-1.2,OK,2025-09-17 00:15:15,15
2025-02-20,-1.3,OK,2025-09-17 00:15:18,15
2025-02-21,0.8,OK,2025-09-17 00:15:20,15
2025-02-24,-2.6,OK,2025-09-17 00:15:22,15
2025-02-25,-3.6,OK,2025-09-17 00:15:24,15
2025-02-26,-2.4,OK,2025-09-17 00:15:27,15
2025-02-27,-2.6,OK,2025-09-17 00:15:30,15
2025-03-03,-1.5,OK,2025-09-17 00:15:33,15
2025-03-04,-0.5,OK,2025-09-17 00:15:35,15
2025-03-05,-1.5,OK,2025-09-17 00:15:37,15
2025-03-06,-1.3,OK,2025-09-17 00:15:40,15
2025-03-07,-1.8,OK,2025-09-17 00:15:42,15
2025-03-10,-0.5,OK,2025-09-17 00:15:45,15
2025-03-11,-3.5,OK,2025-09-17 00:15:48,15
2025-03-12,-1.5,OK,2025-09-17 00:15:50,15
2025-03-13,-1.5,OK,2025-09-17 00:15:53,15
2025-03-14,-1.8,OK,2025-09-17 00:15:54,15
2025-03-17,-1.3,OK,2025-09-17 00:15:57,15
2025-03-18,-2.4,OK,2025-09-17 00:15:59,15
2025-03-19,-3.5,OK,2025-09-17 00:16:01,15
2025-03-20,-1.2,OK,2025-09-17 00:16:04,15
2025-03-21,-0.9,OK,2025-09-17 00:16:07,15
2025-03-24,-3.5,OK,2025-09-17 00:16:10,15
2025-03-25,-2.4,OK,2025-09-17 00:16:12,15
2025-03-26,-1.5,OK,2025-09-17 00:16:14,15
2025-03-27,-3.2,OK,2025-09-17 00:16:17,15
2025-03-28,-1.5,OK,2025-09-17 00:16:20,15
2025-03-31,-6.85,OK,2025-09-17 00:16:23,15
2025-04-01,-4.5,OK,2025-09-17 00:16:25,15
2025-04-02,-1.5,OK,2025-09-17 00:16:27,15
2025-04-07,-3.5,OK,2025-09-17 00:16:31,15
2025-04-08,-2.4,OK,2025-09-17 00:16:33,15
2025-04-09,-3.2,OK,2025-09-17 00:16:36,15
2025-04-10,-1.2,OK,2025-09-17 00:16:39,15
2025-04-11,-0.3,OK,2025-09-17 00:16:42,15
2025-04-14,-1.2,OK,2025-09-17 00:16:45,15
2025-04-15,-2.5,OK,2025-09-17 00:16:48,15
2025-04-16,-3.2,OK,2025-09-17 00:16:51,15
2025-04-17,-1.5,OK,2025-09-17 00:16:53,15
2025-04-18,-1.2,OK,2025-09-17 00:16:56,15
2025-04-21,-0.5,OK,2025-09-17 00:16:59,15
2025-04-22,-3.2,OK,2025-09-17 00:17:01,15
2025-04-23,-1.5,OK,2025-09-17 00:17:04,15
2025-04-24,-1.3,OK,2025-09-17 00:17:07,15
2025-04-25,-0.2,OK,2025-09-17 00:17:10,15
2025-04-28,0.5,OK,2025-09-17 00:17:13,15
2025-04-29,-1.2,OK,2025-09-17 00:17:16,15
2025-04-30,-1.2,OK,2025-09-17 00:17:18,15
2025-05-02,-1.5,OK,2025-09-17 00:17:21,15
2025-05-05,-1.2,OK,2025-09-17 00:17:24,15
2025-05-06,-3.5,OK,2025-09-17 00:17:27,15
2025-05-07,-1.3,OK,2025-09-17 00:17:30,15
2025-05-08,-1.5,OK,2025-09-17 00:17:32,15
2025-05-09,-1.2,OK,2025-09-17 00:17:35,15
2025-05-12,0.8,OK,2025-09-17 00:17:38,15
2025-05-13,-0.9,OK,2025-09-17 00:17:40,15
2025-05-14,-1.5,OK,2025-09-17 00:17:43,15
2025-05-15,-1.3,OK,2025-09-17 00:17:46,15
2025-05-16,-0.3,OK,2025-09-17 00:17:49,15
2025-05-19,-1.8,OK,2025-09-17 00:17:52,15
2025-05-20,0.9,OK,2025-09-17 00:17:54,15
2025-05-21,2.6,OK,2025-09-17 00:17:57,15
2025-05-22,-1.3,OK,2025-09-17 00:18:00,15
2025-05-23,-1.2,OK,2025-09-17 00:18:02,15
2025-05-26,-0.3,OK,2025-09-17 00:18:05,15
2025-05-27,-0.9,OK,2025-09-17 00:18:08,15
2025-05-28,-1.8,OK,2025-09-17 00:18:09,15
2025-05-29,-0.5,OK,2025-09-17 00:18:11,15
2025-06-02,-0.2,OK,2025-09-17 00:18:14,15
2025-06-03,0.8,OK,2025-09-17 00:18:17,15
2025-06-04,-1.8,OK,2025-09-17 00:18:18,15
2025-06-05,-0.5,OK,2025-09-17 00:18:20,15
2025-06-06,-0.5,OK,2025-09-17 00:18:23,15
2025-06-09,-1.5,OK,2025-09-17 00:18:26,15
2025-06-10,-5.6,OK,2025-09-17 00:18:28,15
2025-06-11,-4.6,OK,2025-09-17 00:18:30,15
2025-06-12,-1.8,OK,2025-09-17 00:18:31,15
2025-06-13,-1.5,OK,2025-09-17 00:18:34,15
2025-06-16,-0.3,OK,2025-09-17 00:18:37,15
2025-06-17,-1.3,OK,2025-09-17 00:18:39,15
2025-06-18,-0.6,OK,2025-09-17 00:18:40,15
2025-06-19,-1.5,OK,2025-09-17 00:18:43,15
2025-06-20,-0.2,OK,2025-09-17 00:18:46,15
2025-06-23,-3.2,OK,2025-09-17 00:18:49,15
2025-06-24,-1.5,OK,2025-09-17 00:18:51,15
2025-06-25,-1.2,OK,2025-09-17 00:18:53,15
2025-06-26,-1.5,OK,2025-09-17 00:18:56,15
2025-06-27,-3.5,OK,2025-09-17 00:18:59,15
2025-06-30,-3.5,OK,2025-09-17 00:19:02,15
